," This is a citation overview for a set of 207 documents.",,,,,,,,,,,,,,,,,,,,,,,,,
,,,,,,,,,,,,,,,,,,,,,,,,,,
,"h-index = 35 (Of the 207 documents considered for the h-index, 35 have been cited at least 35 times.)",,,,,,,,,,,,,,,,,,,,,,,,,
,,,,,,,,,,,,,,,,,,,,,,,,,,
,,,,,,,,,,,,,,,,,,,,,,,,,,
,,,,,,,<2007,2007,2008,2009,2010,2011,2012,2013,2014,2015,2016,2017,2018,2019,2020,2021,2022,subtotal,>2022,total
Publication Year,Document Title,Authors,ISSN,Journal Title,Volume,Issue,0,0,4,11,14,15,19,31,51,75,98,173,327,460,691,1108,1492,4569,1690,6259
2024,"FGR-Net: Interpretable fundus image gradeability classification based on deep reconstruction learning","Khalid S., Rashwan H.A., Abdulwahab S., Abdel-Nasser M., Quiroga F.M., Puig D.",09574174,"Expert Systems with Applications",238, ,0,0,0,0,0,0,0,0,0,0,0,0,0,0,0,0,0,0,0,0
2023,"UX debt in an agile development process: evidence and characterization","Rodriguez A., Gardey J.C., Grigera J., Rossi G., Garrido A.",09639314,"Software Quality Journal",31, 4,0,0,0,0,0,0,0,0,0,0,0,0,0,0,0,0,0,0,0,0
2023,"The Bovine Pangenome Consortium: democratizing production and accessibility of genome assemblies for global cattle breeds and other bovine species","Smith T.P.L., Bickhart D.M., Boichard D., Chamberlain A.J., Djikeng A., Jiang Y., Low W.Y., Pausch H., Demyda-Peyras S., Prendergast J., Schnabel R.D., Rosen B.D.",14747596,"Genome Biology",24, 1,0,0,0,0,0,0,0,0,0,0,0,0,0,0,0,0,0,0,0,0
2023,"Building an open-source system test generation tool: lessons learned and empirical analyses with EvoMaster","Arcuri A., Zhang M., Belhadi A., Marculescu B., Golmohammadi A., Galeotti J.P., Seran S.",09639314,"Software Quality Journal",31, 3,0,0,0,0,0,0,0,0,0,0,0,0,0,0,0,0,0,0,0,0
2023,"Collaborative development of the Lidar Processing Pipeline (LPP) for retrievals of atmospheric aerosols and clouds","Pallotta J.V., De Carvalho S.A., Lopes F.J.D.S., Cacheffo A., Landulfo E., Barbosa H.M.J.",21930856,"Geoscientific Instrumentation, Methods and Data Systems",12, 2,0,0,0,0,0,0,0,0,0,0,0,0,0,0,0,0,0,0,0,0
2023,"Z′-explorer 2.0: Reconnoitering the dark matter landscape","Martin Lozano V., Sanda Seoane R.M., Zurita J.",00104655,"Computer Physics Communications",288, ,0,0,0,0,0,0,0,0,0,0,0,0,0,0,0,0,0,0,0,0
2023,"First Outpatient Clinical Trial of a Full Closed-Loop Artificial Pancreas System in South America","Garelli F., Fushimi E., Rosales N., Arambarri D., Mendoza L., Serafini M.C., Moscoso-Vasquez M., Stasi M., Duette P., Garcia-Arabehety J., Giunta J.N., De Battista H., Sanchez-Pena R., Grosembacher L.",19322968,"Journal of Diabetes Science and Technology",17, 4,0,0,0,0,0,0,0,0,0,0,0,0,0,0,0,0,0,0,1,1
2023,"AgroEcoList 1.0: A checklist to improve reporting standards in ecological research in agriculture","Daykin G.M., Aizen M.A., Barrett L.G., Bartlett L.J., Batary P., Garibaldi L.A., Guncan A., Gutam S., Maas B., Mitnala J., Montano-Centellas F., Muoni T., Ockinger E., Okechalu O., Ostler R., Potts S.G., Rose D.C., Topp C.F.E., Usieta H.O., Utoblo O.G., Watson C., Zou Y., Sutherland W.J., Hood A.S.C.",19326203,"PLoS ONE",18, 6,0,0,0,0,0,0,0,0,0,0,0,0,0,0,0,0,0,0,0,0
2023,"Quartz crystal Microbalance with dissipation monitoring for biomedical applications: Open source and low cost prototype with active temperature control","Munoz G.G., Millicovsky M.J., Reta J.M., Cerrudo J.I., Penalva A., Machtey M., Torres R.M., Zalazar M.A.",24680672,"HardwareX",14, ,0,0,0,0,0,0,0,0,0,0,0,0,0,0,0,0,0,0,1,1
2023,"Universal research index: An inclusive metric to quantify scientific research output","Keshavarz-Fathi M., Yazdanpanah N., Kolahchi S., Ziaei H., Darmstadt G.L., Dorigo T., Dochy F., Levin L., Thongboonkerd V., Ogino S., Chen W.-H., Perc M., Tremblay M.S., Olusanya B.O., Rao I.M., Hatziargyriou N., Moradi-Lakeh M., Bella F., Rosivall L., Gandomi A.H., Sorooshian A., Gupta M., Gal C., Lozano A.M., Weaver C., Tanzer M., Poggi A., Sepanlou S.G., Weiskirchen R., Jambrak A.R., Torres P.J., Capanoglu E., Barba F.J., Ernest C.K.J., Sigman M., Pluchino S., Gharehpetian G.B., Fereshtehnejad S.-M., Yang M.-H., Thomas S., Cai W., Comini E., Scolding N.J., Myles P.S., Nieto J.J., Perry G., Sedikides C., Rezaei N.",00991333,"Journal of Academic Librarianship",49, 3,0,0,0,0,0,0,0,0,0,0,0,0,0,0,0,0,0,0,0,0
2023,"In-house virtual surgical planning for mandibular reconstruction with fibula free flap: Case series and literature review","Maisi S., Dominguez M., Gilong P.C., Kiong C.T., Hajam S., Badruddin A.F.A., Siew H.F., Gopalan S., Choon K.T.",26669641,"Annals of 3D Printed Medicine",10, ,0,0,0,0,0,0,0,0,0,0,0,0,0,0,0,0,0,0,0,0
2023,"[Trust evaluation in virtual software development teams using BERT-based language models, Evaluación de confianza en equipos virtuales de desarrollo de software usando modelos de lenguajes basados en BERT]","Zapata S., Gallardo F., Sevilla G., Torres E., Forradellas R.",16666046,"Journal of Computer Science and Technology(Argentina)",23, 1,0,0,0,0,0,0,0,0,0,0,0,0,0,0,0,0,0,0,0,0
2023,"Open Science Drone Toolkit: Open source hardware and software for aerial data capture","Irujo G.P., Bernaldo P., Velazquez L., Perez A., Favero C.M., Egozcue A.",19326203,"PLoS ONE",18, 4,0,0,0,0,0,0,0,0,0,0,0,0,0,0,0,0,0,0,0,0
2023,"Actuator line model using simplified force calculation methods","Navarro Diaz G.P., Otero A.D., Asmuth H., Sorensen J.N., Ivanell S.",23667443,"Wind Energy Science",8, 3,0,0,0,0,0,0,0,0,0,0,0,0,0,0,0,0,0,0,1,1
2023,"Method evaluation and risk assessment: A framework for evaluating management strategies for data-limited fisheries","Carruthers T.R., Huynh Q.C., Hordyk A.R., Newman D., Smith A.D.M., Sainsbury K.J., Stokes K., Morison A., Agnew D., Parma A., Sobrino I., Longo C.",14672960,"Fish and Fisheries",24, 2,0,0,0,0,0,0,0,0,0,0,0,0,0,0,0,0,0,0,1,1
2023,"Open-source high-performance software packages for direct and inverse solving of horizontal capillary flow","Gerlero G.S., Berli C.L.A., Kler P.A.",27092119,"Capillarity",6, 2,0,0,0,0,0,0,0,0,0,0,0,0,0,0,0,0,0,0,1,1
2023,"CardIAP: calcium transients confocal image analysis tool","Velez Rueda A.J., Gonano L.A., Smith A.G., Parisi G., Fornasari M.S., Sommese L.M.",26737647,"Frontiers in Bioinformatics",3, ,0,0,0,0,0,0,0,0,0,0,0,0,0,0,0,0,0,0,1,1
2023,"Learning Normal Asymmetry Representations for Homologous Brain Structures","Deangeli D., Iarussi E., Princich J.P., Bendersky M., Larrabide I., Orlando J.I.",03029743,"Lecture Notes in Computer Science (including subseries Lecture Notes in Artificial Intelligence and Lecture Notes in Bioinformatics)",14227, ,0,0,0,0,0,0,0,0,0,0,0,0,0,0,0,0,0,0,0,0
2023,"QuOTeS: Query-Oriented Technical Summarization","Ramirez-Orta J., Xamena E., Maguitman A., Soto A.J., Zanoto F.P., Milios E.",03029743,"Lecture Notes in Computer Science (including subseries Lecture Notes in Artificial Intelligence and Lecture Notes in Bioinformatics)",14189, ,0,0,0,0,0,0,0,0,0,0,0,0,0,0,0,0,0,0,0,0
2023,"PyMC: a modern, and comprehensive probabilistic programming framework in Python","Abril-Pla O., Andreani V., Carroll C., Dong L., Fonnesbeck C.J., Kochurov M., Kumar R., Lao J., Luhmann C.C., Martin O.A., Osthege M., Vieira R., Wiecki T., Zinkov R.",23765992,"PeerJ Computer Science",9, ,0,0,0,0,0,0,0,0,0,0,0,0,0,0,0,0,0,0,1,1
2023,"GNSS-stereo-inertial SLAM for arable farming","Cremona J., Civera J., Kofman E., Pire T.",15564959,"Journal of Field Robotics",, ,0,0,0,0,0,0,0,0,0,0,0,0,0,0,0,0,0,0,0,0
2023,"Transient phenomena study in wind energy by means of LES simulations: impact of wind direction changes","Barile D.A., Navarro Diaz G.P., Sosa R., Otero A.D.",17426588,"Journal of Physics: Conference Series",2505, 1,0,0,0,0,0,0,0,0,0,0,0,0,0,0,0,0,0,0,0,0
2023,"Assessing Coarse-to-Fine Deep Learning Models for Optic Disc and Cup Segmentation in Fundus Images","Moris E., Dazeo N., de Rueda M.P.A., Filizzola F., Iannuzzo N., Nejamkin D., Wignall K., Leguia M., Larrabide I., Orlando J.I.",0277786X,"Proceedings of SPIE - The International Society for Optical Engineering",12567, ,0,0,0,0,0,0,0,0,0,0,0,0,0,0,0,0,0,0,0,0
2023,"Virtual preoperative planning and 3D tumoral reconstruction with Horos open-source software","Pipolo D.O., Luzzi S., Baldoncini M., Di Pietrantonio A., Brennan W., Asmus H., Miyara S.J., Lucifero A.G., Campero A.",21527806,"Surgical Neurology International",14, ,0,0,0,0,0,0,0,0,0,0,0,0,0,0,0,0,0,0,0,0
2023,"QUIZZES VIA AUGMENTED REALITY ON LEARNING MANAGEMENT SYSTEM: A CASE STUDY OF MOODLE","Rodriguez C.A., Valderrama S., Vargas D., Eliseo M.A., Fracchia C.C., Roa K.",1547500X,"Journal of Educators Online",20, 1,0,0,0,0,0,0,0,0,0,0,0,0,0,0,0,0,0,0,0,0
2022,"LIDeB Tools: A Latin American resource of freely available, open-source cheminformatics apps","Gori D.N.P., Alberca L.N., Rodriguez S., Alice J.I., Llanos M.A., Bellera C.L., Talevi A.",26673185,"Artificial Intelligence in the Life Sciences",2, ,0,0,0,0,0,0,0,0,0,0,0,0,0,0,0,0,0,0,3,3
2022,"Visualization and modeling of forest fire propagation in Patagonia","Denham M.M., Waidelich S., Laneri K.",13648152,"Environmental Modelling and Software",158, ,0,0,0,0,0,0,0,0,0,0,0,0,0,0,0,0,0,0,3,3
2022,"Earbox, an open tool for high-throughput measurement of the spatial organization of maize ears and inference of novel traits","Oury V., Leroux T., Turc O., Chapuis R., Palaffre C., Tardieu F., Prado S.A., Welcker C., Lacube S.",17464811,"Plant Methods",18, 1,0,0,0,0,0,0,0,0,0,0,0,0,0,0,0,0,0,0,1,1
2022,"Modelling Large-Scale Scientific Data Transfers","Bogado J., Lassnig M., Monticelli F., Diaz J.",25102044,"Computing and Software for Big Science",6, 1,0,0,0,0,0,0,0,0,0,0,0,0,0,0,0,0,0,0,0,0
2022,"MusMorph, a database of standardized mouse morphology data for morphometric meta-analyses","Devine J., Vidal-Garcia M., Liu W., Neves A., Lo Vercio L.D., Green R.M., Richbourg H.A., Marchini M., Unger C.M., Nickle A.C., Radford B., Young N.M., Gonzalez P.N., Schuler R.E., Bugacov A., Rolian C., Percival C.J., Williams T., Niswander L., Calof A.L., Lander A.D., Visel A., Jirik F.R., Cheverud J.M., Klein O.D., Birnbaum R.Y., Merrill A.E., Ackermann R.R., Graf D., Hemberger M., Dean W., Forkert N.D., Murray S.A., Westerberg H., Marcucio R.S., Hallgrimsson B.",20524463,"Scientific Data",9, 1,0,0,0,0,0,0,0,0,0,0,0,0,0,0,0,0,0,0,0,0
2022,"Hierarchical deep learning for predicting GO annotations by integrating protein knowledge","Merino G.A., Saidi R., Milone D.H., Stegmayer G., Martin M.J.",13674803,"Bioinformatics",38, 19,0,0,0,0,0,0,0,0,0,0,0,0,0,0,0,0,0,0,6,6
2022,"Open Hardware in Science: The Benefits of Open Electronics","Oellermann M., Jolles J.W., Ortiz D., Seabra R., Wenzel T., Wilson H., Tanner R.L.",15407063,"Integrative and Comparative Biology",62, 4,0,0,0,0,0,0,0,0,0,0,0,0,0,0,0,0,3,3,7,10
2022,"A Low-Power IoT Device for Measuring Water Table Levels and Soil Moisture to Ease Increased Crop Yields","Lopez E., Vionnet C., Ferrer-Cid P., Barcelo-Ordinas J.M., Garcia-Vidal J., Contini G., Prodolliet J., Maiztegui J.",14248220,"Sensors",22, 18,0,0,0,0,0,0,0,0,0,0,0,0,0,0,0,0,0,0,2,2
2022,"The Astropy Project: Sustaining and Growing a Community-oriented Open-source Project and the Latest Major Release (v5.0) of the Core Package*","Price-Whelan A.M., Lim P.L., Earl N., Starkman N., Bradley L., Shupe D.L., Patil A.A., Corrales L., Brasseur C.E., Nothe M., Donath A., Tollerud E., Morris B.M., Ginsburg A., Vaher E., Weaver B.A., Tocknell J., Jamieson W., Van Kerkwijk M.H., Robitaille T.P., Merry B., Bachetti M., Gunther H.M., Aldcroft T.L., Alvarado-Montes J.A., Archibald A.M., Bodi A., Bapat S., Barentsen G., Bazan J., Biswas M., Boquien M., Burke D.J., Cara D., Cara M., Conroy K.E., Conseil S., Craig M.W., Cross R.M., Cruz K.L., D'Eugenio F., Dencheva N., Devillepoix H.A.R., Dietrich J.P., Eigenbrot A.D., Erben T., Ferreira L., Foreman-Mackey D., Fox R., Freij N., Garg S., Geda R., Glattly L., Gondhalekar Y., Gordon K.D., Grant D., Greenfield P., Groener A.M., Guest S., Gurovich S., Handberg R., Hart A., Hatfield-Dodds Z., Homeier D., Hosseinzadeh G., Jenness T., Jones C.K., Joseph P., Kalmbach J.B., Karamehmetoglu E., Kaluszynski M., Kelley M.S.P., Kern N., Kerzendorf W.E., Koch E.W., Kulumani S., Lee A., Ly C., Ma Z., MacBride C., Maljaars J.M., Muna D., Murphy N.A., Norman H., O'Steen R., Oman K.A., Pacifici C., Pascual S., Pascual-Granado J., Patil R.R., Perren G.I., Pickering T.E., Rastogi T., Roulston B.R., Ryan D.F., Rykoff E.S., Sabater J., Sakurikar P., Salgado J., Sanghi A., Saunders N., Savchenko V., Schwardt L., Seifert-Eckert M., Shih A.Y., Jain A.S., Shukla G., Sick J., Simpson C., Singanamalla S., Singer L.P., Singhal J., Sinha M., Sipocz B.M., Spitler L.R., Stansby D., Streicher O., Sumak J., Swinbank J.D., Taranu D.S., Tewary N., Tremblay G.R., De Val-Borro M., Van Kooten S.J., Vasovic Z., Verma S., De Miranda Cardoso J.V., Williams P.K.G., Wilson T.J., Winkel B., Wood-Vasey W.M., Xue R., Yoachim P., Zhang C., Zonca A.",0004637X,"Astrophysical Journal",935, 2,0,0,0,0,0,0,0,0,0,0,0,0,0,0,0,0,14,14,331,345
2022,"Bambi: A Simple Interface for Fitting Bayesian Linear Models in Python","Capretto T., Piho C., Kumar R., Westfall J., Yarkoni T., Martin O.A.",15487660,"Journal of Statistical Software",103, 15,0,0,0,0,0,0,0,0,0,0,0,0,0,0,0,0,1,1,11,12
2022,"Aridec: an open database of litter mass loss from aridlands worldwide with recommendations on suitable model applications","Sarquis A., Siebenhart I.A., Austin A.T., Sierra C.A.",18663508,"Earth System Science Data",14, 7,0,0,0,0,0,0,0,0,0,0,0,0,0,0,0,0,0,0,1,1
2022,"ATR: Template-based repair for Alloy specifications","Zheng G., Nguyen T., Brida S.G., Regis G., Aguirre N., Frias M.F., Bagheri H.",,"ISSTA 2022 - Proceedings of the 31st ACM SIGSOFT International Symposium on Software Testing and Analysis",, ,0,0,0,0,0,0,0,0,0,0,0,0,0,0,0,0,1,1,0,1
2022,"Text Mining of Biomedical Articles Using the Konstanz Information Miner (KNIME) Platform: Hemolytic Uremic Syndrome as a Case Study","Dorr R.A., Casal J.J., Toriano R.",20933681,"Healthcare Informatics Research",28, 3,0,0,0,0,0,0,0,0,0,0,0,0,0,0,0,0,0,0,1,1
2022,"Design and development of a web-based application for structural shielding calculation of medical X-ray imaging facilities","Sosa Vera C., Andres P.",26341964,"Applied Computing and Informatics",18, 3-4,0,0,0,0,0,0,0,0,0,0,0,0,0,0,0,0,0,0,0,0
2022,"A motor imagery vs. rest dataset with low-cost consumer grade EEG hardware","Peterson V., Galvan C., Hernandez H., Saavedra M.P., Spies R.",23523409,"Data in Brief",42, ,0,0,0,0,0,0,0,0,0,0,0,0,0,0,0,0,1,1,1,2
2022,"qNoise: A generator of non-Gaussian colored noise","Deza J.I., Ihshaish H.",23527110,"SoftwareX",18, ,0,0,0,0,0,0,0,0,0,0,0,0,0,0,0,0,0,0,0,0
2022,"PyFocus – A Python package for vectorial calculations of focused optical fields under realistic conditions. Application to toroidal foci","Caprile F., Masullo L.A., Stefani F.D.",00104655,"Computer Physics Communications",275, ,0,0,0,0,0,0,0,0,0,0,0,0,0,0,0,0,1,1,4,5
2022,"Analyzing public transport in the city of Buenos Aires with MobilityDB","Godfrid J., Radnic P., Vaisman A., Zimanyi E.",1866749X,"Public Transport",14, 2,0,0,0,0,0,0,0,0,0,0,0,0,0,0,0,0,1,1,3,4
2022,"The Predicting Tree Growth App: an algorithmic approach to modelling individual tree growth","Magalhaes J.G.D.S., Polinko A.P., Amoroso M.M., Kohli G.S., Larson B.C.",03043800,"Ecological Modelling",467, ,0,0,0,0,0,0,0,0,0,0,0,0,0,0,0,0,0,0,2,2
2022,"The QICK (Quantum Instrumentation Control Kit): Readout and control for qubits and detectors","Stefanazzi L., Treptow K., Wilcer N., Stoughton C., Bradford C., Uemura S., Zorzetti S., Montella S., Cancelo G., Sussman S., Houck A., Saxena S., Arnaldi H., Agrawal A., Zhang H., Ding C., Schuster D.I.",00346748,"Review of Scientific Instruments",93, 4,0,0,0,0,0,0,0,0,0,0,0,0,0,0,0,0,6,6,13,19
2022,"Ring Road Networks: Access for Anyone","Feldmann M., Fraire J.A., Walter F., Burleigh S.C.",01636804,"IEEE Communications Magazine",60, 4,0,0,0,0,0,0,0,0,0,0,0,0,0,0,0,0,1,1,5,6
2022,"Covidex: An ultrafast and accurate tool for SARS-CoV-2 subtyping","Cacciabue M., Aguilera P., Gismondi M.I., Taboga O.",15671348,"Infection, Genetics and Evolution",99, ,0,0,0,0,0,0,0,0,0,0,0,0,0,0,0,0,1,1,5,6
2022,"porousMultiphaseFoam v2107: An open-source tool for modeling saturated/unsaturated water flows and solute transfers at watershed scale","Horgue P., Renard F., Gerlero G.S., Guibert R., Debenest G.",00104655,"Computer Physics Communications",273, ,0,0,0,0,0,0,0,0,0,0,0,0,0,0,0,0,0,0,2,2
2022,"DiaThor: R package for computing diatom metrics and biotic indices","Nicolosi Gelis M.M., Sathicq M.B., Jupke J., Cochero J.",03043800,"Ecological Modelling",465, ,0,0,0,0,0,0,0,0,0,0,0,0,0,0,0,0,2,2,0,2
2022,"A tool for solving bone growth related problems using finite elements adaptive meshes","Alonso M.G., Yawny A., Bertolino G.",17516161,"Journal of the Mechanical Behavior of Biomedical Materials",126, ,0,0,0,0,0,0,0,0,0,0,0,0,0,0,0,0,1,1,0,1
2022,"Local clinical informatics investments are required for in silico biomarker generation across the globe: Lessons learned from a secondary analysis of the PROP trial","Torres J., Malla S.D., Silveira V., Mainero L., Czeisler C., Diaz-Rossello J.L., Maccarrone A., Medoro A., Sanchez P., Blasina F., Otero J.J.",23991623,"Journal of Global Health Reports",6, ,0,0,0,0,0,0,0,0,0,0,0,0,0,0,0,0,0,0,0,0
2022,"Analytical methodology integrated with GIS for the estimation of agricultural waste in the biorefining processes","Riera M.A., Palma R.R.",23521457,"Transportation Research Procedia",67, ,0,0,0,0,0,0,0,0,0,0,0,0,0,0,0,0,0,0,1,1
2022,"Improving Integration Process Efficiency through Pull Request Prioritization","Olmedo A., Arevalo G., Cassol I., Urtado C., Vauttier S.",21844895,"International Conference on Evaluation of Novel Approaches to Software Engineering, ENASE - Proceedings",, ,0,0,0,0,0,0,0,0,0,0,0,0,0,0,0,0,0,0,1,1
2022,"Quantifying the reproductive progression of sunflower using FIJI (Image J)","Ochogavia A.C.",22150161,"MethodsX",9, ,0,0,0,0,0,0,0,0,0,0,0,0,0,0,0,0,0,0,0,0
2022,"Simulating LoRa-Based Direct-to-Satellite IoT Networks with FLoRaSaT","Fraire J.A., Madoery P., Mesbah M.A., Iova O., Valois F.",,"Proceedings - 2022 IEEE 23rd International Symposium on a World of Wireless, Mobile and Multimedia Networks, WoWMoM 2022",, ,0,0,0,0,0,0,0,0,0,0,0,0,0,0,0,0,1,1,2,3
2022,"[ANDEAN PRE-HISPANIC POTTERY FORMING 3D ANALYSIS: A PILOT STUDY FROM QUEBRADA DE HUMAHUACA (ARGENTINA) USING DIGITAL METHODS, ANÁLISIS 3D DE LA FABRICACIÓN DE CERÁMICA PREHISPÁNICA ANDINA: UN CASO PILOTO DE LA QUEBRADA DE HUMAHUACA (ARGENTINA) USANDO MÉTODOS DIGITALES]","Scaro A.",19899947,"Virtual Archaeology Review",13, 27,0,0,0,0,0,0,0,0,0,0,0,0,0,0,0,0,0,0,0,0
2022,"OBI: A computational tool for the analysis and systematization of the positive selection in proteins","Calvento J.H., Bulgarelli F.L., Rueda A.J.V.",22150161,"MethodsX",9, ,0,0,0,0,0,0,0,0,0,0,0,0,0,0,0,0,0,0,0,0
2022,"InspectJS: Leveraging Code Similarity and User-Feedback for Effective Taint Specification Inference for JavaScript","Dutta S., Garbervetsky D., Lahiri S.K., Schafer M.",02705257,"Proceedings - International Conference on Software Engineering",, ,0,0,0,0,0,0,0,0,0,0,0,0,0,0,0,0,0,0,0,0
2022,"Practical foundations of machine learning for addiction research. Part I. Methods and techniques","Cresta Morgado P., Carusso M., Alonso Alemany L., Acion L.",00952990,"American Journal of Drug and Alcohol Abuse",48, 3,0,0,0,0,0,0,0,0,0,0,0,0,0,0,0,0,1,1,0,1
2022,"Future-proofing and maximizing the utility of metadata: The PHA4GE SARS-CoV-2 contextual data specification package","Griffiths E.J., Timme R.E., Mendes C.I., Page A.J., Alikhan N.-F., Fornika D., Maguire F., Campos J., Park D., Olawoye I.B., Oluniyi P.E., Anderson D., Christoffels A., Da Silva A.G., Cameron R., Dooley D., Katz L.S., Black A., Karsch-Mizrachi I., Barrett T., Johnston A., Connor T.R., Nicholls S.M., Witney A.A., Tyson G.H., Tausch S.H., Raphenya A.R., Alcock B., Aanensen D.M., Hodcroft E., Hsiao W.L., Vasconcelos A.T.R., MacCannell D.R.",2047217X,"GigaScience",11, ,0,0,0,0,0,0,0,0,0,0,0,0,0,0,0,0,4,4,4,8
2022,"Running Online Behavioral Experiments Using R: Implementation of a Response-Time Decision Making Task as an R-Shiny App","Santangelo A.P., Solovey G.",25144820,"Journal of Cognition",5, 1,0,0,0,0,0,0,0,0,0,0,0,0,0,0,0,0,0,0,2,2
2022,"A CFD comparative study of bubbling fluidized bed behavior with thermal effects using the open-source platforms mfix and openfoam","Reyes-Urrutia A., Venier C., Mariani N.J., Nigro N., Rodriguez R., Mazza G.",23115521,"Fluids",7, 1,0,0,0,0,0,0,0,0,0,0,0,0,0,0,0,0,1,1,2,3
2021,"dockECR: Open consensus docking and ranking protocol for virtual screening of small molecules","Ochoa R., Palacio-Rodriguez K., Clemente C.M., Adler N.S.",10933263,"Journal of Molecular Graphics and Modelling",109, ,0,0,0,0,0,0,0,0,0,0,0,0,0,0,0,0,3,3,2,5
2021,"Z′-explorer: A simple tool to probe Z′ models against LHC data","Alvarez E., Estevez M., Sanda Seoane R.M.",00104655,"Computer Physics Communications",269, ,0,0,0,0,0,0,0,0,0,0,0,0,0,0,0,0,1,1,1,2
2021,"Dead-reckoning animal movements in R: a reappraisal using Gundog.Tracks","Gunner R.M., Holton M.D., Scantlebury M.D., van Schalkwyk O.L., English H.M., Williams H.J., Hopkins P., Quintana F., Gomez-Laich A., Borger L., Redcliffe J., Yoda K., Yamamoto T., Ferreira S., Govender D., Viljoen P., Bruns A., Bell S.H., Marks N.J., Bennett N.C., Tonini M.H., Duarte C.M., van Rooyen M.C., Bertelsen M.F., Tambling C.J., Wilson R.P.",20503385,"Animal Biotelemetry",9, 1,0,0,0,0,0,0,0,0,0,0,0,0,0,0,0,2,7,9,5,14
2021,"Ion identity molecular networking for mass spectrometry-based metabolomics in the GNPS environment","Schmid R., Petras D., Nothias L.-F., Wang M., Aron A.T., Jagels A., Tsugawa H., Rainer J., Garcia-Aloy M., Duhrkop K., Korf A., Pluskal T., Kamenik Z., Jarmusch A.K., Caraballo-Rodriguez A.M., Weldon K.C., Nothias-Esposito M., Aksenov A.A., Bauermeister A., Albarracin Orio A., Grundmann C.O., Vargas F., Koester I., Gauglitz J.M., Gentry E.C., Hovelmann Y., Kalinina S.A., Pendergraft M.A., Panitchpakdi M., Tehan R., Le Gouellec A., Aleti G., Mannochio Russo H., Arndt B., Hubner F., Hayen H., Zhi H., Raffatellu M., Prather K.A., Aluwihare L.I., Bocker S., McPhail K.L., Humpf H.-U., Karst U., Dorrestein P.C.",20411723,"Nature Communications",12, 1,0,0,0,0,0,0,0,0,0,0,0,0,0,0,0,6,29,35,41,76
2021,"OpenEP: an open-source simulator for electroporation-based tumor treatments","Marino M., Lujan E., Mocskos E., Marshall G.",20452322,"Scientific Reports",11, 1,0,0,0,0,0,0,0,0,0,0,0,0,0,0,0,3,7,10,5,15
2021,"Semi-automated counting of complex varves through image autocorrelation","Van Wyk De Vries M., Ito E., Shapley M., Brignone G.",00335894,"Quaternary Research (United States)",104, ,0,0,0,0,0,0,0,0,0,0,0,0,0,0,0,0,1,1,3,4
2021,"Vinegarscan: A computer tool based on ultraviolet spectroscopy for a rapid authentication of wine vinegars","Rios-Reina R., Caballero D., Azcarate S.M., Garcia-Gonzalez D.L., Callejon R.M., Amigo J.M.",22279040,"Chemosensors",9, 11,0,0,0,0,0,0,0,0,0,0,0,0,0,0,0,0,0,0,1,1
2021,"Discrete and continuum approaches for modeling solids motion inside a rotating drum at different regimes","Venier C.M., Damian S.M., Bertone S.E., Puccini G.D., Risso J.M., Nigro N.M.",20763417,"Applied Sciences (Switzerland)",11, 21,0,0,0,0,0,0,0,0,0,0,0,0,0,0,0,0,2,2,2,4
2021,"K-mer counting and curated libraries drive efficient annotation of repeats in plant genomes","Contreras-Moreira B., Filippi C.V., Naamati G., Garcia Giron C., Allen J.E., Flicek P.",19403372,"Plant Genome",14, 3,0,0,0,0,0,0,0,0,0,0,0,0,0,0,0,0,2,2,1,3
2021,"[Marine Cadastre in the South Atlantic: evolution, situation and perspectives, Cadastro Marinho no Atlântico Sul: evolução, situação e perspectivas]","Droubi L.F.P., Alberdi R., Erba D.A., da Silva E.",05604613,"Revista Brasileira de Cartografia",73, 4,0,0,0,0,0,0,0,0,0,0,0,0,0,0,0,0,0,0,0,0
2021,"A Gentle Introduction to Machine Learning for Chemists: An Undergraduate Workshop Using Python Notebooks for Visualization, Data Processing, Analysis, and Modeling","Lafuente D., Cohen B., Fiorini G., Garcia A.A., Bringas M., Morzan E., Onna D.",00219584,"Journal of Chemical Education",98, 9,0,0,0,0,0,0,0,0,0,0,0,0,0,0,0,1,13,14,16,30
2021,"Making decisions in missing person identification cases with low statistical power","Marsico F.L., Vigeland M.D., Egeland T., Pinero M.H.",18724973,"Forensic Science International: Genetics",54, ,0,0,0,0,0,0,0,0,0,0,0,0,0,0,0,0,2,2,3,5
2021,"Results of an international crowdsourcing survey on the treatment of non-ST segment elevation ACS patients at high-bleeding risk undergoing percutaneous intervention","Bhatt D.L., Kaski J.C., Delaney S., Alasnag M., Andreotti F., Angiolillo D.J., Ferro A., Gorog D.A., Lorenzatti A.J., Mamas M., McNeil J., Nicolau J.C., Steg P.G., Tamargo J., Tan D., Valgimigli M.",01675273,"International Journal of Cardiology",337, ,0,0,0,0,0,0,0,0,0,0,0,0,0,0,0,2,4,6,1,7
2021,"Exploring the quality of protein structural models from a Bayesian perspective","Arroyuelo A., Vila J.A., Martin O.A.",01928651,"Journal of Computational Chemistry",42, 21,0,0,0,0,0,0,0,0,0,0,0,0,0,0,0,0,0,0,1,1
2021,"Ensemble learning application to discover new trypanothione synthetase inhibitors","Alice J.I., Bellera C.L., Benitez D., Comini M.A., Duchowicz P.R., Talevi A.",13811991,"Molecular Diversity",25, 3,0,0,0,0,0,0,0,0,0,0,0,0,0,0,0,0,1,1,1,2
2021,"MoleculARweb: A Web Site for Chemistry and Structural Biology Education through Interactive Augmented Reality out of the Box in Commodity Devices","Rodriguez F.C., Frattini G., Krapp L.F., Martinez-Hung H., Moreno D.M., Roldan M., Salomon J., Stemkoski L., Traeger S., Dal Peraro M., Abriata L.A.",00219584,"Journal of Chemical Education",98, 7,0,0,0,0,0,0,0,0,0,0,0,0,0,0,0,2,10,12,10,22
2021,"High precision in microRNA prediction: A novel genome-wide approach with convolutional deep residual networks","Yones C., Raad J., Bugnon L.A., Milone D.H., Stegmayer G.",00104825,"Computers in Biology and Medicine",134, ,0,0,0,0,0,0,0,0,0,0,0,0,0,0,0,1,3,4,5,9
2021,"An algorithm to represent inbreeding trees","Jarne C., Gomez Albarracin F.A., Caruso M.",03784371,"Physica A: Statistical Mechanics and its Applications",572, ,0,0,0,0,0,0,0,0,0,0,0,0,0,0,0,0,0,0,0,0
2021,"An Ab Initio Multiple Cloning Method for Non-Adiabatic Excited-State Molecular Dynamics in NWChem","Song H., Freixas V.M., Fernandez-Alberti S., White A.J., Zhang Y., Mukamel S., Govind N., Tretiak S.",15499618,"Journal of Chemical Theory and Computation",17, 6,0,0,0,0,0,0,0,0,0,0,0,0,0,0,0,1,7,8,6,14
2021,"OPTIMIZING LARGE-SCALE BIODIVERSITY SAMPLING EFFORT TOWARD AN UNBALANCED SURVEY DESIGN","Montes E., Lefcheck J.S., Guerra-Castro E., Klein E., Kavanaugh M.T., Mazzuco A.C.A., Bigatti G., Cordeiro C.A.M.M., Simoes N., Macaya E.C., Moity N., Londono-Cruz E., Helmuth B., Choi F., Soto E.H., Miloslavich P., Muller-Karger F.E.",10428275,"Oceanography",34, 2,0,0,0,0,0,0,0,0,0,0,0,0,0,0,0,1,2,3,3,6
2021,"Meander Statistics Toolbox (MStaT): A toolbox for geometry characterization of bends in large meandering channels","Dominguez Ruben L., Naito K., Gutierrez R.R., Szupiany R., Abad J.D.",23527110,"SoftwareX",14, ,0,0,0,0,0,0,0,0,0,0,0,0,0,0,0,0,2,2,7,9
2021,"EvoSpex: An evolutionary algorithm for learning postconditions","Molina F., Ponzio P., Aguirre N., Frias M.",02705257,"Proceedings - International Conference on Software Engineering",, ,0,0,0,0,0,0,0,0,0,0,0,0,0,0,0,1,3,4,3,7
2021,"Invariance and same-equivariance measures for convolutional neural networks","Quiroga F.M.",07175000,"CLEI Eletronic Journal (CLEIej)",24, 1,0,0,0,0,0,0,0,0,0,0,0,0,0,0,0,0,0,0,0,0
2021,"Numerical phase-field model validation for dissolution of minerals","Yang S., Ukrainczyk N., Caggiano A., Koenders E.",20763417,"Applied Sciences (Switzerland)",11, 6,0,0,0,0,0,0,0,0,0,0,0,0,0,0,0,0,2,2,6,8
2021,"3D-modeling of sternal chondrosarcomas from angio-CT-Scan: Clinical application and surgical perspectives","Burgade R., Uhl J.F., Prat G.D., Ruiz C., Lorea B., Delmas V., Rosset P., Le-Nail L.R.",26669641,"Annals of 3D Printed Medicine",1, ,0,0,0,0,0,0,0,0,0,0,0,0,0,0,0,1,1,2,0,2
2021,"The HBV.IANIGLA Hydrological Model","Toum E., Masiokas M.H., Villalba R., Pitte P., Ruiz L.",20734859,"R Journal",13, 1,0,0,0,0,0,0,0,0,0,0,0,0,0,0,0,0,0,0,2,2
2020,"Deep reinforcement learning approach for MPPT control of partially shaded PV systems in Smart Grids","Avila L., De Paula M., Trimboli M., Carlucho I.",15684946,"Applied Soft Computing",97, ,0,0,0,0,0,0,0,0,0,0,0,0,0,0,0,6,16,22,16,38
2020,"The FLUXNET2015 dataset and the ONEFlux processing pipeline for eddy covariance data","Pastorello G., Trotta C., Canfora E., Chu H., Christianson D., Cheah Y.-W., Poindexter C., Chen J., Elbashandy A., Humphrey M., Isaac P., Polidori D., Ribeca A., van Ingen C., Zhang L., Amiro B., Ammann C., Arain M.A., Ardo J., Arkebauer T., Arndt S.K., Arriga N., Aubinet M., Aurela M., Baldocchi D., Barr A., Beamesderfer E., Marchesini L.B., Bergeron O., Beringer J., Bernhofer C., Berveiller D., Billesbach D., Black T.A., Blanken P.D., Bohrer G., Boike J., Bolstad P.V., Bonal D., Bonnefond J.-M., Bowling D.R., Bracho R., Brodeur J., Brummer C., Buchmann N., Burban B., Burns S.P., Buysse P., Cale P., Cavagna M., Cellier P., Chen S., Chini I., Christensen T.R., Cleverly J., Collalti A., Consalvo C., Cook B.D., Cook D., Coursolle C., Cremonese E., Curtis P.S., D'Andrea E., da Rocha H., Dai X., Davis K.J., De Cinti B., de Grandcourt A., De Ligne A., De Oliveira R.C., Delpierre N., Desai A.R., Di Bella C.M., di Tommasi P., Dolman H., Domingo F., Dong G., Dore S., Duce P., Dufrene E., Dunn A., Dusek J., Eamus D., Eichelmann U., ElKhidir H.A.M., Eugster W., Ewenz C.M., Ewers B., Famulari D., Fares S., Feigenwinter I., Feitz A., Fensholt R., Filippa G., Fischer M., Frank J., Galvagno M., Gharun M., Gianelle D., Gielen B., Gioli B., Gitelson A., Goded I., Goeckede M., Goldstein A.H., Gough C.M., Goulden M.L., Graf A., Griebel A., Gruening C., Grunwald T., Hammerle A., Han S., Han X., Hansen B.U., Hanson C., Hatakka J., He Y., Hehn M., Heinesch B., Hinko-Najera N., Hortnagl L., Hutley L., Ibrom A., Ikawa H., Jackowicz-Korczynski M., Janous D., Jans W., Jassal R., Jiang S., Kato T., Khomik M., Klatt J., Knohl A., Knox S., Kobayashi H., Koerber G., Kolle O., Kosugi Y., Kotani A., Kowalski A., Kruijt B., Kurbatova J., Kutsch W.L., Kwon H., Launiainen S., Laurila T., Law B., Leuning R., Li Y., Liddell M., Limousin J.-M., Lion M., Liska A.J., Lohila A., Lopez-Ballesteros A., Lopez-Blanco E., Loubet B., Loustau D., Lucas-Moffat A., Luers J., Ma S., Macfarlane C., Magliulo V., Maier R., Mammarella I., Manca G., Marcolla B., Margolis H.A., Marras S., Massman W., Mastepanov M., Matamala R., Matthes J.H., Mazzenga F., McCaughey H., McHugh I., McMillan A.M.S., Merbold L., Meyer W., Meyers T., Miller S.D., Minerbi S., Moderow U., Monson R.K., Montagnani L., Moore C.E., Moors E., Moreaux V., Moureaux C., Munger J.W., Nakai T., Neirynck J., Nesic Z., Nicolini G., Noormets A., Northwood M., Nosetto M., Nouvellon Y., Novick K., Oechel W., Olesen J.E., Ourcival J.-M., Papuga S.A., Parmentier F.-J., Paul-Limoges E., Pavelka M., Peichl M., Pendall E., Phillips R.P., Pilegaard K., Pirk N., Posse G., Powell T., Prasse H., Prober S.M., Rambal S., Rannik U., Raz-Yaseef N., Reed D., de Dios V.R., Restrepo-Coupe N., Reverter B.R., Roland M., Sabbatini S., Sachs T., Saleska S.R., Sanchez-Canete E.P., Sanchez-Mejia Z.M., Schmid H.P., Schmidt M., Schneider K., Schrader F., Schroder I., Scott R.L., Sedlak P., Serrano-Ortiz P., Shao C., Shi P., Shironya I., Siebicke L., Sigut L., Silberstein R., Sirca C., Spano D., Steinbrecher R., Stevens R.M., Sturtevant C., Suyker A., Tagesson T., Takanashi S., Tang Y., Tapper N., Thom J., Tiedemann F., Tomassucci M., Tuovinen J.-P., Urbanski S., Valentini R., van der Molen M., van Gorsel E., van Huissteden K., Varlagin A., Verfaillie J., Vesala T., Vincke C., Vitale D., Vygodskaya N., Walker J.P., Walter-Shea E., Wang H., Weber R., Westermann S., Wille C., Wofsy S., Wohlfahrt G., Wolf S., Woodgate W., Li Y., Zampedri R., Zhang J., Zhou G., Zona D., Agarwal D., Biraud S., Torn M., Papale D.",20524463,"Scientific Data",7, 1,0,0,0,0,0,0,0,0,0,0,0,0,0,1,15,128,220,364,215,579
2020,"ISOGO: Functional annotation of protein-coding splice variants","Ferrer-Bonsoms J.A., Cassol I., Fernandez-Acin P., Castilla C., Carazo F., Rubio A.",20452322,"Scientific Reports",10, 1,0,0,0,0,0,0,0,0,0,0,0,0,0,0,0,3,0,3,1,4
2020,"An update of IPCC climate reference regions for subcontinental analysis of climate model data: definition and aggregated datasets","Iturbide M., Gutierrez J.M., Alves L.M., Bedia J., Cerezo-Mota R., Cimadevilla E., Cofino A.S., Luca A.D., Faria S.H., Gorodetskaya I.V., Hauser M., Herrera S., Hennessy K., Hewitt H.T., Jones R.G., Krakovska S., Manzanas R., Martinez-Castro D., Narisma G.T., Nurhati I.S., Pinto I., Seneviratne S.I., Hurk B.V.D., Vera C.S.",18663508,"Earth System Science Data",12, 4,0,0,0,0,0,0,0,0,0,0,0,0,0,0,2,32,62,96,81,177
2020,"Graphical user interface editor for Octave applications","Burgos E.S., Adam E.J.",25778196,"Engineering Reports",2, 11,0,0,0,0,0,0,0,0,0,0,0,0,0,0,0,0,0,0,4,4
2020,"Deep neural frameworks improve the accuracy of general practitioners in the classification of pigmented skin lesions","Lucius M., De All J., De All J.A., Belvisi M., Radizza L., Lanfranconi M., Lorenzatti V., Galmarini C.M.",20754418,"Diagnostics",10, 11,0,0,0,0,0,0,0,0,0,0,0,0,0,0,0,1,10,11,4,15
2020,"Low-Cost I–V Tracer for PV Modules under Real Operating Conditions","Caceres M., Firman A., Montes-Romero J., Mayans A.R.G., Vera L.H., Fernandez E.F., de la Casa Higueras J.",19961073,"Energies",13, 17,0,0,0,0,0,0,0,0,0,0,0,0,0,0,1,3,4,8,2,10
2020,"Development and validation of a storm surge forecasting/hindcasting modelling system for the extensive Río de la Plata Estuary and its adjacent Continental Shelf","Dinapoli M.G., Simionato C.G., Moreira D.",0921030X,"Natural Hazards",103, 2,0,0,0,0,0,0,0,0,0,0,0,0,0,0,1,4,1,6,1,7
2020,"Genomic re-assessment of the transposable element landscape of the potato genome","Zavallo D., Crescente J.M., Gantuz M., Leone M., Vanzetti L.S., Masuelli R.W., Asurmendi S.",07217714,"Plant Cell Reports",39, 9,0,0,0,0,0,0,0,0,0,0,0,0,0,0,0,1,5,6,1,7
2020,"Open-source hardware as a model of technological innovation and academic entrepreneurship: The Brazilian landscape","Cota V.R., Lopes Aguiar C., Souza Neto B., Benegas M.",25158961,"Innovation and Management Review",17, 2,0,0,0,0,0,0,0,0,0,0,0,0,0,0,0,1,4,5,0,5
2020,"[Southern patagonian bioanthropological information base, Base de información bioantropológica de patagonia austral (B.I.B.P.A.)]","del Campo M.D.D., Curti H., Lopez M.G., Laborde P.G., Valenzuela L.O., Motti J.M.B., Martucci M., Palacio P.I., Martin A.G., Guichon R.A.",18536387,"Revista Argentina de Antropologia Biologica",22, 2,0,0,0,0,0,0,0,0,0,0,0,0,0,0,0,0,0,0,3,3
2020,"Optimizing configurations for determining the magnetic model based on ab initio calculations","Matera J.M., Errico L.A., Gil Rebaza A.V., Fernandez V.I., Lamas C.A.",09270256,"Computational Materials Science",178, ,0,0,0,0,0,0,0,0,0,0,0,0,0,0,0,0,1,1,0,1
2020,"DFTB+, a software package for efficient approximate density functional theory based atomistic simulations","Hourahine B., Aradi B., Blum V., Bonafe F., Buccheri A., Camacho C., Cevallos C., Deshaye M.Y., Dumitric T.A., Dominguez A., Ehlert S., Elstner M., Van Der Heide T., Hermann J., Irle S., Kranz J.J., Kohler C., Kowalczyk T., Kubar T., Lee I.S., Lutsker V., Maurer R.J., Min S.K., Mitchell I., Negre C., Niehaus T.A., Niklasson A.M.N., Page A.J., Pecchia A., Penazzi G., Persson M.P., A&tild;ezac J., Sanchez C.G., Sternberg M., Stohr M., Stuckenberg F., Tkatchenko A., Yu V.W.-Z., Frauenheim T.",00219606,"Journal of Chemical Physics",152, 12,0,0,0,0,0,0,0,0,0,0,0,0,0,0,21,126,159,306,177,483
2020,"Extreme Coverage in 5G Narrowband IoT: A LUT-Based Strategy to Optimize Shared Channels","Lujan E., Mellino J.A.Z., Otero A.D., Vega L.R., Galarza C.G., Mocskos E.E.",23274662,"IEEE Internet of Things Journal",7, 3,0,0,0,0,0,0,0,0,0,0,0,0,0,1,2,5,6,14,2,16
2020,"A feasibility study of a complete low-cost consumer-grade brain-computer interface system","Peterson V., Galvan C., Hernandez H., Spies R.",24058440,"Heliyon",6, 3,0,0,0,0,0,0,0,0,0,0,0,0,0,0,3,9,11,23,8,31
2020,"ENMTML: An R package for a straightforward construction of complex ecological niche models","Andrade A.F.A.D., Velazco S.J.E., De Marco Junior P.",13648152,"Environmental Modelling and Software",125, ,0,0,0,0,0,0,0,0,0,0,0,0,0,0,6,18,31,55,23,78
2020,"SeqBreed: A python tool to evaluate genomic prediction in complex scenarios","Perez-Enciso M., Ramirez-Ayala L.C., Zingaretti L.M.",0999193X,"Genetics Selection Evolution",52, 1,0,0,0,0,0,0,0,0,0,0,0,0,0,0,0,3,1,4,0,4
2020,"A checklist for choosing between R packages in ecology and evolution","Lortie C.J., Braun J., Filazzola A., Miguel F.",20457758,"Ecology and Evolution",10, 3,0,0,0,0,0,0,0,0,0,0,0,0,0,0,1,3,2,6,1,7
2020,"The OpenModelica integrated environment for modeling, simulation, and model-based development","Fritzson P., Pop A., Abdelhak K., Asghar A., Bachmann B., Braun W., Bouskela D., Braun R., Buffoni L., Casella F., Castro R., Franke R., Fritzson D., Gebremedhin M., Heuermann A., Lie B., Mengist A., Mikelsons L., Moudgalya K., Ochel L., Palanisamy A., Ruge V., Schamai W., Sjolund M., Thiele B., Tinnerholm J., Ostlund P.",03327353,"Modeling, Identification and Control",41, 4,0,0,0,0,0,0,0,0,0,0,0,0,0,0,0,12,27,39,25,64
2020,"[Application of arduino microcontrollers and data processing using MatLab applied to the internal combustion engine test, Aplicación de microcontroladores Arduino y procesamiento de datos utilizando MatLab aplicado al ensayo de motores de combustión interna]","Russo F.G., Fonteriz V.C., Caputo D.C., Cavataio P.G., Ferre N.E.A., Receloglu G.A.",24146390,"Proceedings of the LACCEI international Multi-conference for Engineering, Education and Technology",, ,0,0,0,0,0,0,0,0,0,0,0,0,0,0,0,0,0,0,1,1
2020,"Tools for evolutionary and genetic analysis (Tega): A new platform for the management of molecular and environmental data","Elias D.E., Rueda E.C.",14154757,"Genetics and Molecular Biology",43, 2,0,0,0,0,0,0,0,0,0,0,0,0,0,0,0,0,0,0,0,0
2019,"Assessment of automatic strategies for combining QRS detections by multiple algorithms in multiple leads","Llamedo M., Martinez J.P.",09673334,"Physiological Measurement",40, 11,0,0,0,0,0,0,0,0,0,0,0,0,0,0,1,1,0,2,1,3
2019,"Rucio: Scientific Data Management","Barisits M., Beermann T., Berghaus F., Bockelman B., Bogado J., Cameron D., Christidis D., Ciangottini D., Dimitrov G., Elsing M., Garonne V., di Girolamo A., Goossens L., Guan W., Guenther J., Javurek T., Kuhn D., Lassnig M., Lopez F., Magini N., Molfetas A., Nairz A., Ould-Saada F., Prenner S., Serfon C., Stewart G., Vaandering E., Vasileva P., Vigne R., Wegner T.",25102044,"Computing and Software for Big Science",3, 1,0,0,0,0,0,0,0,0,0,0,0,0,0,1,5,10,15,31,9,40
2019,"The open diffusion data derivatives, brain data upcycling via integrated publishing of derivatives and reproducible open cloud services","Avesani P., McPherson B., Hayashi S., Caiafa C.F., Henschel R., Garyfallidis E., Kitchell L., Bullock D., Patterson A., Olivetti E., Sporns O., Saykin A.J., Wang L., Dinov I., Hancock D., Caron B., Qian Y., Pestilli F.",20524463,"Scientific Data",6, 1,0,0,0,0,0,0,0,0,0,0,0,0,0,2,4,14,13,33,11,44
2019,"Associative white matter connecting the dorsal and ventral posterior human cortex","Bullock D., Takemura H., Caiafa C.F., Kitchell L., McPherson B., Caron B., Pestilli F.",18632653,"Brain Structure and Function",224, 8,0,0,0,0,0,0,0,0,0,0,0,0,0,1,8,13,8,30,6,36
2019,"BrAPI - An application programming interface for plant breeding applications","Selby P., Abbeloos R., Backlund J.E., Basterrechea Salido M., Bauchet G., Benites-Alfaro O.E., Birkett C., Calaminos V.C., Carceller P., Cornut G., Vasques Costa B., Edwards J.D., Finkers R., Yanxin Gao S., Ghaffar M., Glaser P., Guignon V., Hok P., Kilian A., Konig P., Lagare J.E.B., Lange M., Laporte M.-A., Larmande P., Lebauer D.S., Lyon D.A., Marshall D.S., Matthews D., Milne I., Mistry N., Morales N., Mueller L.A., Neveu P., Papoutsoglou E., Pearce B., Perez-Masias I., Pommier C., Ramirez-Gonzalez R.H., Rathore A., Raquel A.M., Raubach S., Rife T., Robbins K., Rouard M., Sarma C., Scholz U., Sempere G., Shaw P.D., Simon R., Soldevilla N., Stephen G., Sun Q., Tovar C., Uszynski G., Verouden M., Wren J.",13674803,"Bioinformatics",35, 20,0,0,0,0,0,0,0,0,0,0,0,0,0,6,13,12,25,56,8,64
2019,"Ultrasound axicon: Systematic approach to optimize focusing resolution through human skull bone","Acquaticci F., Lew S.E., Gwirc S.N.",19961944,"Materials",12, 20,0,0,0,0,0,0,0,0,0,0,0,0,0,0,1,2,1,4,0,4
2019,"Lumen-intima and media-adventitia segmentation in IVUS images using supervised classifications of arterial layers and morphological structures","Lo Vercio L., del Fresno M., Larrabide I.",01692607,"Computer Methods and Programs in Biomedicine",177, ,0,0,0,0,0,0,0,0,0,0,0,0,0,1,3,6,5,15,3,18
2019,"Coupling the actuator line method to the high order meteorological les model Meso-NH to study wind farm wakes impacts on local meteorology","Joulin P.A., Mayol M.L., Blondel F., Masson V., Rodier Q., Lac C.",17426588,"Journal of Physics: Conference Series",1256, 1,0,0,0,0,0,0,0,0,0,0,0,0,0,0,1,0,2,3,1,4
2019,"Machine learning on difference image analysis: A comparison of methods for transient detection","Sanchez B., Dominguez R. M.J., Lares M., Beroiz M., Cabral J.B., Gurovich S., Quinones C., Artola R., Colazo C., Schneiter M., Girardini C., Tornatore M., Nilo Castellon J.L., Garcia Lambas D., Diaz M.C.",22131337,"Astronomy and Computing",28, ,0,0,0,0,0,0,0,0,0,0,0,0,0,1,7,1,5,14,2,16
2019,"[Distribution of the invasive diatom Didymosphenia geminata (Bacillariophyceae) in patagonian water bodies of Argentina, Distribución de la diatomea invasora Didymosphenia geminata (Bacillariophyceae) en cuerpos de agua patagónicos de Argentina]","Lamaro A.A., Pisonero J., Uyua N., Sastre V., Santinelli N., Saavedra J.M., Sala S.E.",0373580X,"Boletin de la Sociedad Argentina de Botanica",54, 2,0,0,0,0,0,0,0,0,0,0,0,0,0,0,2,0,1,3,0,3
2019,"A multipurpose X-ray fluorescence scanner developed for in situ analysis","Taccetti F., Castelli L., Czelusniak C., Gelli N., Mazzinghi A., Palla L., Ruberto C., Censori C., Lo Giudice A., Re A., Zafiropulos D., Arneodo F., Conicella V., Di Giovanni A., Torres R., Castella F., Mastrangelo N., Gallegos D., Tascon M., Marte F., Giuntini L.",20374631,"Rendiconti Lincei",30, 2,0,0,0,0,0,0,0,0,0,0,0,0,0,2,4,11,5,22,7,29
2019,"Building hierarchical component directories","Aboud N., Arevalo G., Bendavid O., Falleri J.-R., Haderer N., Huchard M., Tibermacine C., Urtado C., Vauttier S.",16601769,"Journal of Object Technology",18, 1,0,0,0,0,0,0,0,0,0,0,0,0,0,0,0,0,0,0,0,0
2019,"HydroShoot: A functional-structural plant model for simulating hydraulic structure, gas and energy exchange dynamics of complex plant canopies under water deficit - Application to grapevine (Vitis vinifera)","Albasha R., Fournier C., Pradal C., Chelle M., Prieto J.A., Louarn G., Simonneau T., Lebon E.",25175025,"In Silico Plants",1, 1,0,0,0,0,0,0,0,0,0,0,0,0,0,1,2,4,5,12,3,15
2019,"“rsppfp”: An R package for the shortest path problem with forbidden paths","Vidoni M., Vecchietti A.",23527110,"SoftwareX",9, ,0,0,0,0,0,0,0,0,0,0,0,0,0,0,0,0,0,0,0,0
2019,"A method for estimation of fundamental frequency for tonal sounds inspired on bird song studies","Jarne C.",22150161,"MethodsX",6, ,0,0,0,0,0,0,0,0,0,0,0,0,0,0,0,0,0,0,0,0
2018,"13Check_RNA: A tool to evaluate 13C chemical shift assignments of RNA","Icazatti A.A., Martin O.A., Villegas M., Szleifer I., Vila J.A.",13674803,"Bioinformatics",34, 23,0,0,0,0,0,0,0,0,0,0,0,0,0,1,0,0,0,1,1,2
2018,"MITE Tracker: An accurate approach to identify miniature inverted-repeat transposable elements in large genomes","Crescente J.M., Zavallo D., Helguera M., Vanzetti L.S.",14712105,"BMC Bioinformatics",19, 1,0,0,0,0,0,0,0,0,0,0,0,0,0,4,13,16,18,51,11,62
2018,"Seeking unconventional alliances and bridging innovations in spaces for transformative change: The seed sector and agricultural sustainability in Argentina","van Zwanenberg P., Cremaschi A., Obaya M., Marin A., Lowenstein V.",17083087,"Ecology and Society",23, 3,0,0,0,0,0,0,0,0,0,0,0,0,1,4,7,3,4,19,5,24
2018,"Affordable control platform with MPC application","Sousa a.C.E., Leite V.J.S., Rubio Scola I.",12201766,"Studies in Informatics and Control",27, 3,0,0,0,0,0,0,0,0,0,0,0,0,0,0,5,1,2,8,0,8
2018,"Modeling Dengue vector population using remotely sensed data and machine learning","Scavuzzo J.M., Trucco F., Espinosa M., Tauro C.B., Abril M., Scavuzzo C.M., Frery A.C.",0001706X,"Acta Tropica",185, ,0,0,0,0,0,0,0,0,0,0,0,0,2,6,18,21,12,59,8,67
2018,"Quantitative structure–activity relationship (QSAR) analysis of plant-derived compounds with larvicidal activity against Zika Aedes aegypti (Diptera: Culicidae) vector using freely available descriptors","Saavedra L.M., Romanelli G.P., Duchowicz P.R.",1526498X,"Pest Management Science",74, 7,0,0,0,0,0,0,0,0,0,0,0,0,0,4,6,2,3,15,1,16
2018,"HMMER cut-off threshold tool (HMMERCTTER): Supervised classification of superfamily protein sequences with a reliable cut-off threshold","Pagnuco I.A., Revuelta M.V., Bondino H.G., Brun M., Ten Have A.",19326203,"PLoS ONE",13, 3,0,0,0,0,0,0,0,0,0,0,0,0,1,0,2,3,2,8,1,9
2018,"Historical (1750-2014) anthropogenic emissions of reactive gases and aerosols from the Community Emissions Data System (CEDS)","Hoesly R.M., Smith S.J., Feng L., Klimont Z., Janssens-Maenhout G., Pitkanen T., Seibert J.J., Vu L., Andres R.J., Bolt R.M., Bond T.C., Dawidowski L., Kholod N., Kurokawa J.-I., Li M., Liu L., Lu Z., Moura M.C.P., O'Rourke P.R., Zhang Q.",1991959X,"Geoscientific Model Development",11, 1,0,0,0,0,0,0,0,0,0,0,0,0,44,74,155,193,228,694,186,880
2018,"[A heuristic approach to obtain signal envelope with a simple software implementantion, Un metodo heuristico para obtener la envolvente de señal y su implementacion de software]","Jarne C.",18501168,"Anales de la Asociacion Fisica Argentina",29, 2,0,0,0,0,0,0,0,0,0,0,0,0,0,3,0,0,1,4,0,4
2018,"Towards a glaucoma risk index based on simulated hemodynamics from fundus images","Orlando J.I., Barbosa Breda J., van Keer K., Blaschko M.B., Blanco P.J., Bulant C.A.",03029743,"Lecture Notes in Computer Science (including subseries Lecture Notes in Artificial Intelligence and Lecture Notes in Bioinformatics)",11071, ,0,0,0,0,0,0,0,0,0,0,0,0,0,2,8,11,10,31,10,41
2018,"Weaving of metaheuristics with cooperative parallelism","Lopez J., Munera D., Diaz D., Abreu S.",03029743,"Lecture Notes in Computer Science (including subseries Lecture Notes in Artificial Intelligence and Lecture Notes in Bioinformatics)",11101, ,0,0,0,0,0,0,0,0,0,0,0,0,0,0,1,1,0,2,0,2
2018,"Objective evaluation of ram and buck sperm motility by using a novel sperm tracker software","Buchelly Imbachi F., Zalazar L., Pastore J.I., Greco M.B., Iniesta-Cuerda M., Garde J.J., Soler A.J., Ballarin V., Cesari A.",14701626,"Reproduction",156, 1,0,0,0,0,0,0,0,0,0,0,0,0,0,2,4,4,1,11,1,12
2018,"An ensemble deep learning based approach for red lesion detection in fundus images","Orlando J.I., Prokofyeva E., del Fresno M., Blaschko M.B.",01692607,"Computer Methods and Programs in Biomedicine",153, ,0,0,0,0,0,0,0,0,0,0,0,1,6,27,48,35,45,162,41,203
2017,"DSL for collaborative systems with awareness","Bibbo L.M., Giandini R., Pons C.",,"2017 43rd Latin American Computer Conference, CLEI 2017",2017-, ,0,0,0,0,0,0,0,0,0,0,0,0,0,1,0,0,0,1,0,1
2017,"TwoPaCo: an efficient algorithm to build the compacted de Bruijn graph from many complete genomes","Minkin I., Pham S., Medvedev P.",13674811,"Bioinformatics (Oxford, England)",33, 24,0,0,0,0,0,0,0,0,0,0,0,1,3,5,5,10,8,32,4,36
2017,"[Multimodel inference in social and environmental sciences, Inferencia multimodelo en ciencias sociales y ambientales]","Garibaldi L.A., Aristimuno F.J., Oddi F.J., Tiribelli F.",03275477,"Ecologia Austral",27, 3,0,0,0,0,0,0,0,0,0,0,0,0,1,0,7,2,2,12,1,13
2017,"Proliferative diabetic retinopathy characterization based on fractal features: Evaluation on a publicly available dataset: Evaluation","Orlando J.I., Van Keer K., Barbosa Breda J., Manterola H.L., Blaschko M.B., Clausse A.",00942405,"Medical Physics",44, 12,0,0,0,0,0,0,0,0,0,0,0,0,1,2,8,5,4,20,1,21
2017,"Automated quantification of protein periodic nanostructures in fluorescence nanoscopy images: Abundance and regularity of neuronal spectrin membrane-associated skeleton","Barabas F.M., Masullo L.A., Bordenave M.D., Giusti S.A., Unsain N., Refojo D., Caceres A., Stefani F.D.",20452322,"Scientific Reports",7, 1,0,0,0,0,0,0,0,0,0,0,0,0,4,0,4,3,1,12,0,12
2017,"Multidimensional encoding of brain connectomes","Caiafa C.F., Pestilli F.",20452322,"Scientific Reports",7, 1,0,0,0,0,0,0,0,0,0,0,0,2,4,9,8,4,3,30,0,30
2017,"An introduction to deep learning on biological sequence data: Examples and solutions","Jurtz V.I., Johansen A.R., Nielsen M., Almagro Armenteros J.J., Nielsen H., Sonderby C.K., Winther O., Sonderby So.K.",13674803,"Bioinformatics",33, 22,0,0,0,0,0,0,0,0,0,0,0,0,9,13,22,23,23,90,11,101
2017,"Open-Source Assisted Laboratory Automation through Graphical User Interfaces and 3D Printers: Application to Equipment Hyphenation for Higher-Order Data Generation","Siano G.G., Montemurro M., Alcaraz M.R., Goicoechea H.C.",00032700,"Analytical Chemistry",89, 20,0,0,0,0,0,0,0,0,0,0,0,0,4,1,4,1,1,11,1,12
2017,"Description and evaluation of the Earth System Regional Climate Model (Reg CM-ES)","Sitz L.E., Di Sante F., Farneti R., Fuentes-Franco R., Coppola E., Mariotti L., Reale M., Sannino G., Barreiro M., Nogherotto R., Giuliani G., Graffino G., Solidoro C., Cossarini G., Giorgi F.",19422466,"Journal of Advances in Modeling Earth Systems",9, 4,0,0,0,0,0,0,0,0,0,0,0,0,1,10,10,9,6,36,3,39
2017,"Corral framework: Trustworthy and fully functional data intensive parallel astronomical pipelines","Cabral J.B., Sanchez B., Beroiz M., Dominguez M., Lares M., Gurovich S., Granitto P.",22131337,"Astronomy and Computing",20, ,0,0,0,0,0,0,0,0,0,0,0,0,0,2,1,0,1,4,0,4
2017,"An integrated calcium imaging processing toolbox for the analysis of neuronal population dynamics","Romano S.A., Perez-Schuster V., Jouary A., Boulanger-Weill J., Candeo A., Pietri T., Sumbre G.",1553734X,"PLoS Computational Biology",13, 6,0,0,0,0,0,0,0,0,0,0,0,1,9,6,9,9,13,47,8,55
2017,"Phenobook: An open source software for phenotypic data collection","Crescente J.M., Guidobaldi F., Demichelis M., Formica M.B., Helguera M., Vanzetti L.S.",2047217X,"GigaScience",6, 4,0,0,0,0,0,0,0,0,0,0,0,0,0,4,1,3,1,9,1,10
2017,"Estimating model-error covariances in nonlinear state-space models using Kalman smoothing and the expectation–maximization algorithm","Dreano D., Tandeo P., Pulido M., Ait-El-Fquih B., Chonavel T., Hoteit I.",00359009,"Quarterly Journal of the Royal Meteorological Society",143, 705,0,0,0,0,0,0,0,0,0,0,0,1,3,13,8,6,4,35,7,42
2017,"Western Paraná suture/shear zone and the limits of Rio Apa, Rio Tebicuary and Rio de la Plata cratons from gravity data","Dragone G.N., Ussami N., Gimenez M.E., Lince Klinger F.G., Chaves C.A.M.",03019268,"Precambrian Research",291, ,0,0,0,0,0,0,0,0,0,0,0,2,6,5,7,12,7,39,4,43
2017,"Ielectrodes: A comprehensive open-source toolbox for depth and subdural grid electrode localization","Blenkmann A.O., Phillips H.N., Princich J.P., Rowe J.B., Bekinschtein T.A., Muravchik C.H., Kochen S.",16625196,"Frontiers in Neuroinformatics",11, ,0,0,0,0,0,0,0,0,0,0,0,1,3,5,8,10,12,39,6,45
2017,"FIERCE: FInding volcanic ERuptive CEnters by a grid-searching algorithm in R","Carniel R., Guzman S., Neri M.",02588900,"Bulletin of Volcanology",79, 2,0,0,0,0,0,0,0,0,0,0,0,1,3,0,0,1,0,5,0,5
2017,"Model validation of an open-source framework for post-processing INS/GNSS systems","Gonzalez R., Catania C.A., Dabove P., Taffernaberry J.C., Piras M.",,"GISTAM 2017 - Proceedings of the 3rd International Conference on Geographical Information Systems Theory, Applications and Management",, ,0,0,0,0,0,0,0,0,0,0,0,0,0,5,1,6,3,15,0,15
2017,"Nopol: Automatic Repair of Conditional Statement Bugs in Java Programs","Xuan J., Martinez M., DeMarco F., Clement M., Marcote S.L., Durieux T., Le Berre D., Monperrus M.",00985589,"IEEE Transactions on Software Engineering",43, 1,0,0,0,0,0,0,0,0,0,0,1,13,28,50,26,43,46,207,25,232
2017,"PetIGA-MF: A multi-field high-performance toolbox for structure-preserving B-splines spaces","Sarmiento A.F., Cortes A.M.A., Garcia D.A., Dalcin L., Collier N., Calo V.M.",18777503,"Journal of Computational Science",18, ,0,0,0,0,0,0,0,0,0,0,0,5,9,5,0,7,2,28,0,28
2016,"Developing integrated crop knowledge networks to advance candidate gene discovery","Hassani-Pak K., Castellote M., Esch M., Hindle M., Lysenko A., Taubert J., Rawlings C.",22120661,"Applied and Translational Genomics",11, ,0,0,0,0,0,0,0,0,0,0,0,3,7,6,9,3,3,31,2,33
2016,"[The Redatam format, El formato Redatam]","De Grande P.",01867210,"Estudios Demograficos y Urbanos",31, 3,0,0,0,0,0,0,0,0,0,0,0,0,3,2,2,0,1,8,1,9
2016,"Remote Sensing of Phytoplankton Blooms in the Continental Shelf and Shelf-Break of Argentina: Spatio-Temporal Changes and Phenology","Andreo V.C., Dogliotti A.I., Tauro C.B.",19391404,"IEEE Journal of Selected Topics in Applied Earth Observations and Remote Sensing",9, 12,0,0,0,0,0,0,0,0,0,0,0,0,2,1,4,2,4,13,4,17
2016,"A demo of the PEACH IoT-based frost event prediction system for precision agriculture","Brun-Laguna K., Diedrichs A.L., Chaar J.E., Dujovne D., Taffernaberry J.C., Mercado G., Watteyne T.",,"2016 13th Annual IEEE International Conference on Sensing, Communication, and Networking, SECON 2016",, ,0,0,0,0,0,0,0,0,0,0,0,1,2,3,4,3,3,16,1,17
2016,"A computational method to calculate the exact solution for acoustic scattering by fluid spheroids","Gonzalez J.D., Lavia E.F., Blanc S.",16101928,"Acta Acustica united with Acustica",102, 6,0,0,0,0,0,0,0,0,0,0,0,2,3,1,4,3,0,13,0,13
2016,"Vinardo: A scoring function based on autodock vina improves scoring, docking, and virtual screening","Quiroga R., Villarreal M.A.",19326203,"PLoS ONE",11, 5,0,0,0,0,0,0,0,0,0,0,0,2,9,7,23,38,40,119,46,165
2016,"Autonomous open-source hardware apparatus for quantum key distribution","Lopez Grande I.H., Schmiegelow C.T., Larotonda M.A.",18524249,"Papers in Physics",8, ,0,0,0,0,0,0,0,0,0,0,0,1,1,1,0,0,0,3,0,3
2016,"Open Source Quartz Crystal Microbalance with dissipation monitoring","Mista C., Zalazar M., Pealva A., Martina M., Reta J.M.",17426588,"Journal of Physics: Conference Series",705, 1,0,0,0,0,0,0,0,0,0,0,0,1,3,1,2,1,3,11,1,12
2016,"Evaluation of a Framework to Implement Electronic Health Record Systems Based on the openEHR Standard","Orellana D.A., Salas A.A., Solarz P.F., Ruiz L.M., Rotger V.I.",17426588,"Journal of Physics: Conference Series",705, 1,0,0,0,0,0,0,0,0,0,0,0,0,0,0,0,0,0,0,0,0
2016,"Video-analysis Interface for Angular Joint Measurement","Mondani M., Ghersi I., Miralles M.T.",17426588,"Journal of Physics: Conference Series",705, 1,0,0,0,0,0,0,0,0,0,0,0,0,0,0,0,0,0,0,0,0
2015,"An energy-aware performance analysis of SWIMM: Smith-Waterman implementation on Intel's Multicore and Manycore architectures","Rucci E., Garcia C., Botella G., De Giusti A., Naiouf M., Prieto-Matias M.",15320626,"Concurrency and Computation: Practice and Experience",27, 18,0,0,0,0,0,0,0,0,0,2,1,5,2,1,1,1,2,15,0,15
2015,"Building a data set over 12 globally distributed sites to support the development of agriculture monitoring applications with Sentinel-2","Bontemps S., Arias M., Cara C., Dedieu G., Guzzonato E., Hagolle O., Inglada J., Matton N., Morin D., Popescu R., Rabaute T., Savinaud M., Sepulcre G., Valero S., Ahmad I., Begue A., Wu B., de Abelleyra D., Diarra A., Dupuy S., French A., Akhtar I.H., Kussul N., Lebourgeois V., Page M.L., Newby T., Savin I., Veron S.R., Koetz B., Defourny P.",20724292,"Remote Sensing",7, 12,0,0,0,0,0,0,0,0,0,0,3,6,7,12,10,4,3,45,5,50
2015,"Autism screening and diagnosis in low resource settings: Challenges and opportunities to enhance research and services worldwide","Durkin M.S., Elsabbagh M., Barbaro J., Gladstone M., Happe F., Hoekstra R.A., Lee L.-C., Rattazzi A., Stapel-Wax J., Stone W.L., Tager-Flusberg H., Thurm A., Tomlinson M., Shih A.",19393792,"Autism Research",8, 5,0,0,0,0,0,0,0,0,0,0,9,8,14,19,13,24,35,122,30,152
2015,"ASteCA: Automated Stellar Cluster Analysis","Perren G.I., Vazquez R.A., Piatti A.E.",00046361,"Astronomy and Astrophysics",576, ,0,0,0,0,0,0,0,0,0,6,2,7,3,7,10,10,13,58,11,69
2015,"SLiMScape 3.x: A Cytoscape 3 app for discovery of Short Linear Motifs in protein interaction networks","Edwards R.J., Olorin E., O'Brien K.T., Palopoli N., Perez-Bercoff, Shields D.C.",20461402,"F1000Research",4, ,0,0,0,0,0,0,0,0,0,0,0,0,1,0,0,0,0,1,0,1
2015,"OCAAT: Automated analysis of star cluster colour-magnitude diagrams for gauging the local distance scale","Perren G.I., Vazquez R.A., Piatti A.E., Moitinho A.",17439213,"Proceedings of the International Astronomical Union",10, ,0,0,0,0,0,0,0,0,0,0,0,0,0,0,0,0,0,0,0,0
2015,"Fast, accurate, robust and Open Source Brain Extraction Tool (OSBET)","Namias R., Donnelly Kehoe P., D'Amato J.P., Nagel J.",0277786X,"Proceedings of SPIE - The International Society for Optical Engineering",9681, ,0,0,0,0,0,0,0,0,0,0,0,0,0,0,0,0,0,0,0,0
2015,"[Application of open source electronics for studying high frequency urban heat Island, Aplicação de Eletrônica Open Source para Estudar Ilha de Calor em Alta Frequência]","Ferrelli F., Vitale A.J., Piccolo M.C.",01019759,"Anuario do Instituto de Geociencias",38, 2,0,0,0,0,0,0,0,0,0,0,1,1,0,0,0,0,0,2,0,2
2015,"Igatools: An isogeometric an alysis library","Pauletti M.S., Martinelli M., Cavallini N., Antolin P.",10648275,"SIAM Journal on Scientific Computing",37, 4,0,0,0,0,0,0,0,0,0,0,6,5,4,7,2,1,2,27,1,28
2014,"3D Numerical Model of the Thermal Interaction Between Sediment–Water–Atmosphere","Vitale A.J., Piccolo M.C., Genchi S.A., Delrieux C.A., Perillo G.M.E.",14202026,"Environmental Modeling and Assessment",19, 6,0,0,0,0,0,0,0,0,0,0,0,0,1,1,0,0,0,2,1,3
2014,"bammds: a tool for assessing the ancestry of low-depth whole-genome data using multidimensional scaling (MDS)","Malaspinas A.-S., Tange O., Moreno-Mayar J.V., Rasmussen M., DeGiorgio M., Wang Y., Valdiosera C.E., Politis G., Willerslev E., Nielsen R.",13674811,"Bioinformatics (Oxford, England)",30, 20,0,0,0,0,0,0,0,0,0,3,4,3,4,6,5,4,2,31,3,34
2014,"Crack-path field and strain-injection techniques in computational modeling of propagating material failure","Oliver J., Dias I.F., Huespe A.E.",00457825,"Computer Methods in Applied Mechanics and Engineering",274, ,0,0,0,0,0,0,0,0,1,5,9,6,8,4,5,2,2,42,1,43
2014,"MfSBA: Multifractal analysis of spatial patterns in ecological communities","Saravia L.A.",20461402,"F1000Research",3, ,0,0,0,0,0,0,0,0,0,1,0,1,3,2,0,1,1,9,0,9
2014,"Extending OpenUP to conform with the ISO usability maturity model","Rodriguez A.",03029743,"Lecture Notes in Computer Science (including subseries Lecture Notes in Artificial Intelligence and Lecture Notes in Bioinformatics)",8742, ,0,0,0,0,0,0,0,0,0,1,0,0,0,0,0,0,1,2,0,2
2014,"[Neurosurgical planning using osirix software, Planificación Neuroquirúrgica con Software Osirix]","Jaimovich S., Guevara M., Pampin S., Jaimovich R., Gardella J.",21527806,"Surgical Neurology International",5, 5,0,0,0,0,0,0,0,0,0,0,1,2,0,0,1,1,2,7,1,8
2013,"Development of a low cost pupillometer-eyetracker and applications","Bianchetti A., Perez L.I., Comastri S.A.",0277786X,"Proceedings of SPIE - The International Society for Optical Engineering",8785, ,0,0,0,0,0,0,0,0,0,0,0,0,0,1,0,0,0,1,1,2
2013,"Adapting CRM systems for mobile platforms: An MDA perspective","Amendola F., Favre L.",,"SNPD 2013 - 14th ACIS International Conference on Software Engineering, Artificial Intelligence, Networking and Parallel/Distributed Computing",, ,0,0,0,0,0,0,0,0,0,0,4,1,1,2,1,0,0,9,0,9
2013,"BioSmalltalk: A pure object system and library for bioinformatics","Morales H.F., Giovambattista G.",13674803,"Bioinformatics",29, 18,0,0,0,0,0,0,0,0,0,0,0,0,1,0,0,0,0,1,0,1
2013,"Open source solutions for libraries: ABCD vs Koha","Macan B., Fernandez G.V., Stojanovski J.",00330337,"Program",47, 2,0,0,0,0,0,0,0,2,1,2,2,1,7,3,1,2,2,23,1,24
2013,"Proton transport in water and DNA components: A Geant4 Monte Carlo simulation","Champion C., Incerti S., Tran H.N., Karamitros M., Shin J.I., Lee S.B., Lekadir H., Bernal M., Francis Z., Ivanchenko V., Fojon O.A., Hanssen J., Rivarola R.D.",0168583X,"Nuclear Instruments and Methods in Physics Research, Section B: Beam Interactions with Materials and Atoms",306, ,0,0,0,0,0,0,0,0,1,2,2,1,1,1,0,0,0,8,1,9
2013,"Rapid and efficient localization of depth electrodes and cortical labeling using free and open source medical software in epilepsy surgery candidates","Princich J.P., Wassermann D., Latini F., Oddo S., Blenkmann A.O., Seifer G., Kochen S.",16624548,"Frontiers in Neuroscience",, 7,0,0,0,0,0,0,0,0,0,3,1,5,2,0,3,3,4,21,0,21
2012,"Using cell-ID 1.4 with R for microscope-based cytometry","Bush A., Chernomoretz A., Yu R., Gordon A., Colman-Lerner A.",19343639,"Current Protocols in Molecular Biology",, 100,0,0,0,0,0,0,0,2,0,0,2,0,3,0,2,0,0,9,2,11
2012,"An open real-time tele-stethoscopy system","Foche-Perez I., Ramirez-Payba R., Hirigoyen-Emparanza G., Balducci-Gonzalez F., Simo-Reigadas F.-J., Seoane-Pascual J., Corral-Penafiel J., Martinez-Fernandez A.",1475925X,"BioMedical Engineering Online",11, ,0,0,0,0,0,0,0,0,5,4,0,0,3,1,1,1,3,18,0,18
2012,"Scalable multi-purpose network representation for large scale distributed system simulation","Bobelin L., Legrand A., Marquez D.A.G., Navarro P., Quinson M., Suter F., Thiery C.",,"Proceedings - 12th IEEE/ACM International Symposium on Cluster, Cloud and Grid Computing, CCGrid 2012",, ,0,0,0,0,0,0,0,1,4,3,0,3,2,1,2,0,1,17,0,17
2012,"[Significant variables of optimum design in process simulators, Variables significativas de diseño óptimo en simuladores de proceso]","Iglesias O.A., Soto J.D., Paniagua C.N.",07168756,"Informacion Tecnologica",23, 1,0,0,0,0,0,0,0,0,0,0,0,0,0,0,0,0,0,0,0,0
2012,"Simulation of debris flows in the Central Andes based on Open Source GIS: Possibilities, limitations, and parameter sensitivity","Mergili M., Fellin W., Moreiras S.M., Stotter J.",0921030X,"Natural Hazards",61, 3,0,0,0,0,0,0,1,1,4,1,2,4,5,2,3,3,4,30,2,32
2012,"APM_GUI: Analyzing particle movement on the cell membrane and determining confinement","Menchon S.A., Martin M.G., Dotti C.G.",20461682,"BMC Biophysics",5, 1,0,0,0,0,0,0,0,2,2,0,2,0,0,1,0,0,1,8,1,9
2012,"GB-to-TNT: Facilitating creation of matrices from GenBank and diagnosis of results in TNT","Goloboff P.A., Catalano S.A.",07483007,"Cladistics",28, 5,0,0,0,0,0,0,0,3,2,3,4,2,5,2,4,3,3,31,4,35
2012,"FastMat: A C++ library for multi-index array computations","Paz R.R., Storti M.A., Dalcin L.D., Castro H.G., Kler P.A.",09659978,"Advances in Engineering Software",54, ,0,0,0,0,0,0,0,0,0,0,0,0,1,0,0,0,0,1,0,1
2012,"An operative dengue risk stratification system in Argentina based on geospatial technology","Porcasi X., Rotela C.H., Introini M.V., Frutos N., Lanfri S., Peralta G., De Elia E.A., Lanfri M.A., Scavuzzo C.M.",18271987,"Geospatial Health",6, 3,0,0,0,0,0,0,2,2,4,4,5,8,7,4,2,4,3,45,2,47
2011,"Artemisa: An open-source honeypot back-end to support security in VoIP domains","Do Carmo R., Nassar M., Festor O.",,"Proceedings of the 12th IFIP/IEEE International Symposium on Integrated Network Management, IM 2011",, ,0,0,0,0,0,1,2,0,1,4,0,1,2,2,2,1,0,16,1,17
2011,"FDiversity: A software package for the integrated analysis of functional diversity","Casanoves F., Pla L., Di Rienzo J.A., Diaz S.",2041210X,"Methods in Ecology and Evolution",2, 3,0,0,0,0,0,2,3,7,11,15,15,27,22,24,23,24,20,193,21,214
2011,"Understanding edge connectivity in the internet through core decomposition","Alvarez-Hamelin J.I., Beiro M.G., Busch J.R.",15427951,"Internet Mathematics",7, 1,0,0,0,0,0,0,0,0,1,0,1,0,0,0,1,0,0,3,1,4
2010,"Mining source code for structural regularities","Lozano A., Kellens A., Mens K., Arevalo G.",10951350,"Proceedings - Working Conference on Reverse Engineering, WCRE",, ,0,0,0,0,0,1,0,0,2,1,1,0,0,2,0,1,0,8,1,9
2009,"[Development of a software program for nutrition studies, Desarrollo de un programa informático para estudios nutricionales]","Defago M.D., Perovic N.R., Aguinaldo C.A., Actis A.B.",10204989,"Revista Panamericana de Salud Publica/Pan American Journal of Public Health",25, 4,0,0,0,0,0,0,2,1,1,0,0,1,0,0,0,1,2,8,1,9
2008,"Simulation framework for teaching in modeling and simulation areas","De Giusti M.R., Lira A.J., Villarreal G.L.",03043797,"European Journal of Engineering Education",33, 5-6,0,0,0,0,0,0,0,0,0,1,0,1,0,0,0,0,0,2,0,2
2008,"Flow visualization and field line advection in computational fluid dynamics: Application to magnetic fields and turbulent flows","Mininni P., Lee E., Norton A., Clyne J.",13672630,"New Journal of Physics",10, ,0,0,0,0,1,1,0,3,1,3,0,0,1,0,1,2,1,14,1,15
2008,"Using Cell-ID 1.4 with R for microscope-based cytometry","Chernomoretz A., Bush A., Yu R., Gordon A., Colman-Lerner A.",19343639,"Current Protocols in Molecular Biology",, 84,0,0,1,1,1,1,4,3,0,1,1,1,1,0,0,0,1,16,0,16
2008,"Bioevaluation of 32P patch designed for the treatment of skin diseases","Salgueiro M.J., Duran H., Palmieri M., Pirchio R., Medina V., Ughetti R., Croci M., Nicolini J., Zubillaga M.",09698051,"Nuclear Medicine and Biology",35, 2,0,0,0,2,1,1,1,0,3,2,2,1,3,1,1,0,0,18,0,18
2008,"MPI for Python: Performance improvements and MPI-2 extensions","Dalcin L., Paz R., Storti M., D'Elia J.",07437315,"Journal of Parallel and Distributed Computing",68, 5,0,0,0,4,6,5,2,3,5,4,9,15,18,28,22,34,29,184,18,202
2005,"MPI for Python","Dalcin L., Paz R., Storti M.",07437315,"Journal of Parallel and Distributed Computing",65, 9,0,0,3,4,5,3,2,1,2,4,8,19,23,24,28,37,51,214,26,240
